Name,Aspect Direction,Bounds Ruler,Chart Pattern,Chart Type,Classification,Decan,Declination,Dignity,Distance AU,Duad,Harmonic Aspects,Hemisphere,House,House Ruler in House,Interpretation,Keywords,Latitude,Longitude Degrees,MPC Number,Magi Linkages,Midpoints,Mode,Object ID,Planet Parans,Planetary Direction,Planetary Pictures,Position,Quadrant,Ray,Retrograde,Ruler,Sect,Sign,Source,Speed,Star Conjunctions,Star Parans,Symbol,Triplicity Ruler,Type
Galactic Center,,,,,,,"-28°59'52""",,,,,,,,,,,,,,,,,,,,"26 sa 29'57""",,,No,,,,,0,,,,,Fixed
Moon,,,,,,,"22°56'24"" S",Peregrine,0.002634895,,,Southern (Below Horizon) / Western,3,,"The emotional security is tied to a thirst for knowledge, philosophical exploration, and the feeling of freedom and forward movement. Emotions are expressed with enthusiasm, optimism, and sometimes bluntness. The native finds comfort in learning, short-distance travel, and communicating with siblings/neighbors. They need mental stimulation and a big-picture view to feel emotionally stable. There is a constant search for emotional truth and meaning, often expressed through storytelling and teaching.","Freedom, Travel (short), Learning, Optimism, Philosophy, Bluntness, Communication, Siblings, Curiosity, Expansion, Faith, Emotional need, Teaching, Mental restlessness, Truth-seeking, Emotional honesty, Storytelling","0°57'51"" S","10°13'49""",,,,Mutable,,,,,"8 sa 9'34""",,,No,Jupiter,Night,Sagittarius,,12.41,,,B,Sun (Day Ruler),Classical
Great Attractor,,,,,,,"-60°49'27""",,,,,,,,,,,,,,,,,,,,"13 sa 36'20""",,,No,,,,,0,,,,,Fixed
Saturn,,Mars,,,,,"22°41'31"" N",Peregrine,9.329367249,,,Northern (Above Horizon) / Western,9,,"This placement describes lessons and restrictions related to emotional security (Cancer) when applied to belief systems, travel, or higher education (House 9). The native may feel insecure about their knowledge or philosophy, leading to a need for a rigid, traditional, or conservative approach. The retrograde motion suggests internalizing these fears. Learning to trust their own emotional foundation and creating a secure, personal philosophy is key. Long-distance travel may be delayed or taken very seriously.","Restriction, Emotional security, Tradition, Conservatism, Higher education, Self-doubt, Foreign cultures, Philosophy, Retrograde, Inner mastery, Structure, Duty, Travel, Serious study, Moral compass, Long journey","0°44'57"" S","29°22'37""",,,,Mutable,,,,,"29 ge 21'53""",,,Yes,Mercury,Day,Cancer,,-0.0725,,,,Mercury (Day Ruler),Classical
Mercury,,Mars,,,,,"2°44'3"" S",Detriment / Fall,1.152710766,,,Southern (Below Horizon) / Eastern,6,,"The mind is highly intuitive, imaginative, and receptive, often absorbing the mental atmosphere of the environment. Communication can be vague, impressionistic, or artistic, preferring non-verbal cues or creative writing over precise logic. In the house of daily work and service, this placement suggests a need for a compassionate, creative, or healing-focused profession. The native may struggle with organization or logical thinking but excels at intuitive and empathetic problem-solving.","Intuition, Creative, Receptive, Compassionate, Imagination, Service, Health, Artistic expression, Daily routine, Fuzzy logic, Empathetic listening, Fantasy, Psychic sensitivity, Martyrdom, Non-linear thinking, Selfless work, Visionary","2°30'43"" S","28°55'11""",,,,Mutable,,,,,"28 pi 39'24""",,,No,Jupiter,Day,Pisces,,1.5823,,,C,Mars (Night Ruler),Classical
Virgo Cluster,,,,,,,"12°51'44""",,,,,,,,,,,,,,,,,,,,"0 li 34'58""",,,No,,,,,0,,,,,Fixed
Sun,,Mars,,,,,"8°4'47"" N",Exaltation,1.002010103,,,Northern (Above Horizon) / Western,7,,"The native's identity and ego are passionately expressed through relationships and partnerships (House 7). The need to be a leader or initiator is often projected onto others or is found in a partner. There is a fiery, energetic approach to commitment and a tendency to attract powerful, sometimes competitive, partners. They thrive on one-on-one interaction and may use relationships as a mirror to understand themselves. The core life purpose is found in learning the art of collaboration while maintaining the Aries drive for self-assertion.","Partnership, Self-assertion, Marriage, Relationships, Open enemies, Energy, Passion, Competitive, Diplomacy, Collaboration, Initiation, Projection, Legal matters, One-on-one, Co-dependency, Vital force, Independence","0°0'0"" S","20°41'22""",,,,Cardinal,,,,,"20 ar 31'33""",,,No,Mars,Day,Aries,,0.9811,,,A,Sun (Day Ruler),Classical
Venus,,Venus,,,,,"9°25'36"" S",Exaltation,0.734677833,,,Southern (Below Horizon) / Eastern,5,,"This is a highly romantic, compassionate, and idealistic placement for love and pleasure. The native seeks romantic transcendence and may idealize lovers or creative projects. They express love with immense, often sacrificial, devotion. Creativity (House 5) is fluid, artistic, and deeply emotional (Pisces). Their desires are often spiritualized, and they may be drawn to imaginative, musical, or theatrical arts. The potential for being easily hurt or disillusioned by harsh realities in love is high.","Romantic, Compassion, Self-sacrifice, Creativity, Idealism, Selfless love, Imagination, Hidden desires, Children, Pleasure, Artistic talent, Deep empathy, Fantasy, Disillusionment, Theatrical, Devotion, Tender, Musical","0°30'5"" N","4°24'45""",,,,Mutable,,,,,"4 pi 14'32""",,,No,Jupiter,Night,Pisces,,1.2008,,,,Mars (Night Ruler),Classical
Jupiter,,Venus,,,,,"9°35'15"" S",Domicile (Ruler),5.702580502,,,Southern (Below Horizon) / Eastern,5,,"Jupiter is in its sign of rulership, making this a powerful placement for luck and expansion in areas of creativity, romance, and pleasure (House 5). The native is generous, artistic, and finds joy through children, hobbies, and romantic indulgence. There is a deep, compassionate, and sometimes boundless optimism regarding their creative output and love life. They must guard against excess and escapism in their pursuits of pleasure.","Optimism, Creativity, Spiritual growth, Generosity, Romance, Children, Luck, Expansion, Compassion, Artistry, Enjoyment, Benevolence, Excess, Faith, Imagination, Theatrical, Creative flow","0°52'21"" S","7°26'40""",,,,Mutable,,,,,"7 pi 24'37""",,,No,Jupiter,Day,Pisces,,0.2058,,,F,Mars (Night Ruler),Classical
Mars,,Saturn,,,,,"24°52'50"" N",Peregrine,1.802519326,,,Northern (Above Horizon) / Western,9,,"The energy and drive (Mars) are channeled into grand vision, philosophical conviction, and education (House 9). This placement suggests a bold, charismatic, and dramatic approach to higher learning, teaching, or foreign travel. The native is fiercely protective of their beliefs and will argue passionately for their worldview. They have a strong desire to inspire others and may have a powerful, ego-driven drive to be a respected authority in their field. There is great motivation for exploration and adventure.","Leadership, Grand vision, Philosophy, Teaching, Charisma, Faith, Boldness, Foreign travel, Legal action, Passion, Inspiration, Ego-driven, Self-righteousness, Drama, Moral courage, Conviction, Exploration","1°33'23"" N","24°26'09""",,,,Mutable,,,,,"24 ge 20'15""",,,No,Mercury,Night,Leo,,0.5906,,,E,Mercury (Day Ruler),Classical
Chiron,,,,,,,"8°53'8"" N",,19.619999,,,Northern (Above Horizon) / Western,7,,"The deepest wound or area of healing (Chiron) is tied to the assertion of self (Aries) within relationships (House 7). The native may feel wounded in their ability to be direct or initiate a partnership, often attracting partners who mirror this wound. The gift lies in becoming a healer or pioneer who helps others define and assert their identities in a partnership context. They must learn self-love to facilitate healing in others.","Wound, Healing, Self-worth, Identity, Partnerships, Pioneering, Courage, Pain, Teaching, Self-assertion, Independence, Relationship crisis, Shamanism, Directness, Emotional scar, Mentor, Integration","0°59'55"" N","20°22'21""",2060,,,,,,,,"20 ar 21'46""",,,No,Mars,,Aries,,0.0594,,,,,Centaur
Uranus,,Saturn,,,,,"9°27'58"" S",Peregrine,17.435070053,,,Southern (Below Horizon) / Eastern,1,,"Unconventionality and rebellion (Uranus) are expressed directly through the personality and physical appearance (House 1). The native has a unique, detached, and reform-minded approach to relationships (Libra is ruled by Venus, and Uranus is about breaking structures). The retrograde motion internalizes this revolutionary impulse, making the native restless and seeking personal freedom. They strive to be seen as an individual and challenge the status quo, especially in partnership models.","Unconventional, Shocking, Revolutionary, Personal freedom, Appearance, Individuality, Radical, Detached, Change, Rebellion, Progressive, Restless, Innovative, Sudden shifts, Authentic self, Eccentric, Reform","0°36'33"" N","25°58'25""",,,,Cardinal,,,,,"25 li 58'50""",,,Yes,Venus,Day,Libra,,-0.0422,,,,Mercury (Day Ruler),Classical
osc. Apogee,,,,,,,"-15°27'49""",,0.002709949,,,,,,,,,,,,,,,,,,"5 aq 24'23""",,,Yes,,,,,-3.0196705,,,,,Calculated
Juno,,,,,,,"5°53'52"" S",,3.175241203,,,Southern (Below Horizon) / Eastern,5,,"The ideal partner/relationship dynamic (Juno) is one that is intellectually stimulating, unconventional, and freedom-oriented (Aquarius) found in the context of romance, pleasure, or creative ventures (House 5). Commitment must be based on equality and mutual respect for personal space. The native seeks a partner who is a friend, a genius, or a humanitarian. Fidelity may be defined unconventionally, prioritizing mental connection over emotional drama.","Partnership, Marriage, Commitment, Unconventional, Intellectual connection, Freedom, Egalitarian, Genius, Creativity, Romance, Children, Unique alliance, Friendship, Social justice, Mutual respect, Non-traditional fidelity, Equality","7°45'16"" N","24°55'14""",3,,,,,,,,"24 aq 51'37""",,,No,Saturn,,Aquarius,,0.3628,,,,,Asteroid
true Node,,,,,,,"-23° 8'40""",,0.002663117,,,,,,,,,,,,,,,,,,"21 sa 6'47""",,,Yes,,,,,-0.0304745,,,,,Calculated
mean Apogee,,,,,,,"-18° 3'20""",,0.002710625,,,,,,,,,,,,,,,,,,"26 cp 25'26""",,,No,,,,,0.1111624,,,,,Calculated
Pallas,,,,,,,"12°16'9"" N",,3.417801911,,,Southern (Below Horizon) / Eastern,4,,"Strategic intelligence and pattern recognition (Pallas) are applied to the home, family roots, and emotional foundation (House 4) through objective, intellectual, and group-oriented perspectives (Aquarius). The native uses intellect to structure the family environment or to find unique, detached solutions to emotional and domestic issues. They may be a strategist in their community or focus their talents on reform in real estate or traditional family structures.","Strategy, Wisdom, Justice, Objectivity, Intellect, Home, Family, Foundations, Ancestry, Domestic reform, Patterns, Inner security, Unique solutions, Detachment, Legal strategy, Architectural design, Abstract thought","32°55'4"" N","5°18'43""",2,,,,,,,,"5 aq 16'25""",,,No,Saturn,,Aquarius,,0.2306,,,,,Asteroid
Ceres,,,,,,,"19°1'30"" S",,3.452153126,,,Southern (Below Horizon) / Eastern,5,,"The manner of nurturing and connection (Ceres) involves intellectual detachment and humanitarian ideals (Aquarius) applied to creative projects, children, and romance (House 5). The native nurtures others by fostering their uniqueness and intellectual freedom. They may express devotion through progressive or unconventional creative pursuits. The care given is often non-traditional and focused on group values and promoting social equality through expressive arts.","Nurturing, Unconditional love, Intellectual, Humanitarian, Unconventional, Group values, Creativity, Children, Social causes, Non-traditional care, Detachment, Progressive, Fostering genius, Emotional feeding, Adoption, Creative rights","7°5'22"" S","27°23'28""",1,,,,,,,,"27 aq 20'11""",,,No,Saturn,,Aquarius,,0.3289,,,,,Dwarf
Neptune,,Venus,,,,,"22°59'48"" S",Peregrine,29.638834006,,,Southern (Below Horizon) / Western,3,,"This placement suggests idealism, confusion, or spiritualization (Neptune) concerning communication, local environment, and foundational learning (House 3). The native may struggle with clarity in thought and speech, or they may be a profoundly inspired communicator (e.g., poet, visionary). The retrograde motion enhances the inner search for spiritual truth. Sibling relationships or early schooling may be confusing or idealized. There is an intuitive, compassionate grasp of universal concepts.","Idealism, Confusion, Spiritual, Visionary, Inspired speech, Disillusionment, Psychic, Local travel, Environment, Siblings, Non-verbal, Escapism, Dreams, Intuition, Obfuscation, Faith, Subtle communication","0°50'53"" N","9°22'45""",,,,Mutable,,,,,"9 sa 22'54""",,,Yes,Jupiter,Night,Sagittarius,,-0.0053,,,I,Sun (Day Ruler),Classical
mean Node,,,,,,,"-23°14'16""",,0.002569555,,,,,,,,,,,,,,,,,,"22 sa 38'25""",,,Yes,,,,,-0.0529434,,,,,Calculated
Pluto-Charon,,,,,,,"13°43'26""",,30.006665607,,,,,,,,,,134340,,,,,,,,"5 li 3'22""",,,Yes,,,,,-0.0264568,,,,,Dwarf
Makemake,,,,,,,"39°59'11""",,48.51895676,,,,,,"Makemake embodies the principles of manifestation, abundance, and prosperity through harmony with natural law. Named after the Rapa Nui (Easter Island) creation god, this dwarf planet represents environmental consciousness, resourcefulness, and the wise administration of resources. Makemake shows where we must balance material success with ecological sustainability, learning to create abundance without exploitation. This placement indicates the capacity to manifest goals through aligned intention, protect and provide for communities, and understand the cycles of giving and receiving. Makemake teaches that true prosperity comes from respecting natural limits and honoring the interconnectedness of all life.","Manifestation, Abundance, Prosperity, Environmental consciousness, Creation deity, Resourcefulness, Sustainability, Earth stewardship, Provider, Protector, Harmony with nature, Sacred economics, Sacrifice for goals, Ecological wisdom, Natural law, Divine trickster, Success, Thriving",,,136472,,,Cardinal,,,,,"16 le 33'45""",,,Yes,Saturn,,Virgo,,-0.0072902,,,,,Dwarf
Varuna,,,,,,,"12°15'24""",,42.412210181,,,,,,,,,,20000,,,,,,,,"4 ge 41'47""",,,No,,,,,0.0201181,,,,,TNO
Eris,,,,,,,"-13°18'48""",,98.498046724,,,,,,"Eris represents discord, strife, and the disruptive force that challenges the status quo. Named after the Greek goddess of discord, this dwarf planet embodies rebellion, empowerment, and transformation through conflict. Eris highlights where we must confront systemic injustice, fight for the marginalized, and embrace our role as change agents. This placement indicates the capacity to expose hidden truths, create necessary disruption, and catalyze revolutionary change. Eris shows where we refuse to conform to societal expectations and instead champion authentic expression and equality. The energy is fierce, uncompromising, and dedicated to bringing justice to those who have been excluded or oppressed.","Discord, Strife, Rebellion, Empowerment, Disruption, Transformation, Conflict, Justice, Outsider archetype, Revolutionary change, Challenging authority, Exposing truth, Systemic change, Feminine rage, Equality, Non-conformity, Catalyst, Game-changer",,,136199,,,Cardinal,,,,,"13 ar 9'39""",,,No,Mars,,Aries,,0.0112449,,,,,Dwarf
Vesta,,,,,,,"8°23'28"" N",,1.268422556,,,Northern (Above Horizon) / Eastern,12,,"The area of sacred devotion and inner focus (Vesta) is tied to harmony, justice, and balancing relationships (Libra) but is channeled into the subconscious, spiritual retreat, or selfless service (House 12). The native finds wholeness through quiet meditation, working alone, or dedicating themselves to justice in hidden ways. They must guard against sacrificing their own needs for the sake of peace or partnership harmony in their personal life.","Dedication, Purity, Focus, Sacred, Harmony, Balance, Justice, Spiritual retreat, Subconscious, Hidden devotion, Sacrifice, Inner peace, Quiet service, Solitude, Self-integration, Karmic clearing, Meditation","12°41'50"" N","8°15'19""",4,,,,,,,,"8 li 17'44""",,,Yes,Venus,,Libra,,-0.2417,,,,,Asteroid
Orcus,,,,,,,"12°25'47""",,44.151342035,,,,,,,,,,90482,,,,,,,,"22 cn 34'10""",,,No,,,,,0.0017383,,,,,TNO
Haumea,,,,,,,"25°11'57""",,50.319868686,,,,,,"Haumea represents fertility, rebirth, and the transformative cycles of creation. Named after the Hawaiian goddess of childbirth and fertility, this rapidly rotating, elongated dwarf planet embodies the feminine principle of bringing new life into being. Haumea shows where we experience profound renewal, give birth to new aspects of ourselves, and undergo rapid transformation. This placement indicates the capacity for regeneration, the wisdom of the earth goddess, and the power to create from our own essence. Haumea teaches that transformation often requires letting go of old forms to make space for new growth, and that true power lies in the ability to continually recreate ourselves.","Fertility, Rebirth, Transformation, Childbirth, Hawaiian goddess, Regeneration, Creation, Renewal, Cycles of growth, Feminine power, Earth goddess, Rapid change, Self-generation, Metamorphosis, Divine feminine, Life force, Sacred creation, Continuous rebirth",,,136108,,,Cardinal,,,,,"11 vi 46' 4""",,,Yes,Mars,,Libra,,-0.0139746,,,,,Dwarf
Ixion,,,,,,,"-3°36'24""",,46.674852877,,,,,,"Ixion represents the consequences of betrayal, lawlessness, and the corruption that comes from unchecked desire. Named after the first murderer in Greek mythology who was bound to a fiery wheel in Tartarus, this Plutino embodies lust for life, ambition without ethics, and the karmic repercussions of transgression. Ixion shows where we must develop discernment about our desires and values, recognizing that creative life force can become destructive when misdirected. This placement indicates the capacity for passionate intensity, but warns against tyranny, criminality, and the violation of sacred trust. Ixion teaches that our actions create karmic patterns that eventually reflect back to us, demanding accountability and ethical awareness.","Betrayal, Lawlessness, Lust for life, Corruption, Tyranny, Criminal behavior, Consequences, Karma, Reflection, Discernment, Values, Ethics, Passion, Life force, Accountability, Sacred trust, Transgression, First murderer, Bound to wheel",,,28978,,,,,,,,"8 sc 8'29""",,,Yes,Pluto,,,,-0.0176386,,,,,TNO
Quaoar,,,,,,,"-9°54'38""",,43.373664546,,,,,,"Quaoar represents the creative force that sings reality into existence through harmony, dance, and sacred sound. Named after the Tongva creator deity who danced and sang the universe into being, this dwarf planet embodies natural order, universal law, and the responsibility to live in harmony with creation. Quaoar shows where we access creative power through alignment with natural cycles, where we must honor the sacred laws of life, and where we can manifest through resonance rather than force. This placement indicates evolutionary development, the capacity to see the big picture of creation, and liberation through understanding cosmic order. Quaoar teaches that true creation is participatory, requiring us to respect all life and work within natural limits.","Creation through song, Dancing universe into being, Harmony, Natural order, Universal law, Responsibility, Respect for life, Sacred creation, Tongva deity, Evolutionary path, Big picture, Liberation, Governing, Circular orbit, Spirit of discovery, Scientific inquiry, Abstract models, Clarifying, Revealing, Constructing, Questioning",,,50000,,,,,,,,"5 sc 37' 9""",,,Yes,Uranus,,,,-0.0184086,,,,,TNO
Sedna 2003 VB12,,,,,,,"2° 7'20""",,101.411541984,,,,,,,,,,90377,,,,,,,,"3 ta 4'47""",,,No,,,,,0.0107998,,,,,SDO
Zeus,,,,,,,"6°36' 3""",,58.46577744,,,,,,,,,,,,,,,,,,"13 vi 12'35""",,,Yes,,,,,-0.0113663,,,,,Uranian
Cupido,,,,,,,"-9°36' 1""",,40.019195062,,,,,,,,,,,,,,,,,,"27 li 33' 1""",,,Yes,,,,,-0.0204311,,,,,Uranian
Kronos,,,,,,,"21°51'16""",,65.626981698,,,,,,,,,,,,,,,,,,"9 ge 16'56""",,,No,,,,,0.0115239,,,,,Uranian
Isis-Transpluto,,,,,,,"16°19' 4""",,89.217772949,,,,,,,,,,,,,,,,,,"15 le 4'39""",,,Yes,,,,,-0.0037469,,,,,Hypothetical
Vulkanus,,,,,,,"23°20' 1""",,77.507843834,,,,,,,,,,,,,,,,,,"5 cn 35'46""",,,No,,,,,0.0044638,,,,,Uranian
Poseidon,,,,,,,"-8°23'32""",,82.667200953,,,,,,,,,,,,,,,,,,"21 li 30'41""",,,Yes,,,,,-0.0105337,,,,,Uranian
Apollon,,,,,,,"-1°41' 4""",,69.337210041,,,,,,,,,,,,,,,,,,"4 li 14' 0""",,,Yes,,,,,-0.0119598,,,,,Uranian
Astraea,,,,,,,"17°29'31""",,2.853725882,,,,,,,,,,5,,,,,,,,"4 ge 28'10""",,,No,,,,,0.4650528,,,,,Asteroid
Admetos,,,,,,,"13° 1'47""",,74.599593055,,,,,,,,,,,,,,,,,,"4 ta 30'15""",,,No,,,,,0.0143007,,,,,Uranian
Hades,,,,,,,"17°20'33""",,51.544714971,,,,,,,,,,,,,,,,,,"22 ta 0'58""",,,No,,,,,0.0187832,,,,,Uranian
Iris,,,,,,,"18° 2'13""",,2.10169634,,,,,,,,,,7,,,,,,,,"14 cn 55'52""",,,No,,,,,0.3514065,,,,,Asteroid
Psyche,,,,,,,"-16°52'12""",,2.965548207,,,,,,"Psyche represents the soul, psychological depth, and transformation through love and trials. Named for the mortal woman who won immortality through her trials for love of Eros, this asteroid symbolizes the soul's journey toward wholeness. It shows where you experience trials that lead to spiritual growth, deep soul connections with others, and psychological transformation. Psyche reveals your capacity for unconditional love, the wounds you must heal to find your true self, and how you integrate shadow aspects. It indicates psychic sensitivity, the study of the mind (psychology), and the quest for eternal love.","Soul, Psyche, Psychology, Transformation through love, Trials, Soul mates, Psychic sensitivity, Shadow work, Unconscious mind, Spiritual evolution, Eternal love, Self-discovery, Integration, Metamorphosis, Butterfly symbolism, Inner beauty, Psychological depth",,,16,,,,,,,,"5 aq 25' 0""",,,No,,,,,0.2840028,,,,,Asteroid
Isis,,,,,,,"-1°31'41""",,1.561011787,,,,,,"Isis represents magical healing, divine feminine power, resurrection, and protective motherhood. As the great Egyptian goddess who resurrected Osiris and protected Horus, Isis shows where you possess gifts of restoration, magical knowledge, and fierce maternal protection. This placement reveals your capacity for healing through magic, teaching wisdom to others, and bringing the dead back to life (literally or metaphorically). Isis indicates devotion to family, skills in medicine and agriculture, and the ability to weave powerful spells. She represents unconditional love, fertility, and the throne of power.","Magic, Healing, Resurrection, Motherhood, Protection, Divine feminine, Throne, Wisdom, Medicine, Fertility, Devotion, Restoration, Egyptian mysteries, Unconditional love, Teaching, Agriculture, Weaving, Powerful spells",,,42,,,,,,,,"2 sc 58' 8""",,,Yes,,,,,-0.2343947,,,,,Asteroid
Urania,,,,,,,"-21°46'38""",,2.403624732,,,,,,,,,,30,,,,,,,,"27 cp 49'50""",,,No,,,,,0.3015422,,,,,Asteroid
Hygiea,,,,,,,"5° 5'14""",,4.244080727,,,,,,"Hygiea represents health, wellness, hygiene, and preventive care. As the Greek goddess of health and daughter of Asclepius, this asteroid shows your approach to maintaining well-being, cleanliness, and bodily care. Hygiea reveals your attitudes toward health routines, self-care practices, diet, and exercise. It indicates where you may experience health issues or possess natural healing abilities. This placement shows your relationship with hygiene, organization of your physical environment, and holistic approaches to wellness. Hygiea emphasizes prevention over cure and the connection between mind, body, and spirit in maintaining health.","Health, Hygiene, Wellness, Preventive care, Self-care, Cleanliness, Healing, Diet, Exercise, Holistic health, Mind-body connection, Health routines, Sanitation, Organization, Vitality, Balance, Physical well-being",,,10,,,,,,,,"6 ar 5'45""",,,No,,,,,0.3488684,,,,,Asteroid
Eurydike,,,,,,,"6° 8' 2""",,2.549520195,,,,,,,,,,75,,,,,,,,"15 vi 39'33""",,,Yes,,,,,-0.1508587,,,,,Asteroid
Circe,,,,,,,"-9°59'59""",,1.529082372,,,,,,"Circe represents the enchantress energy of transformation, magic, and the power to transmute reality. As the daughter of Helios who turned men into swine, Circe shows where you possess transformative magical abilities, can cast illusions, and work with herbs and alchemy. This placement reveals your capacity for seduction, manipulation (for better or worse), and creating change through subtle influence. Circe indicates where you may feel isolated on your own island of power, work with shamanism and shape-shifting, and use your knowledge of potions and herbalism. It shows your hidden motivations and cunning abilities.","Enchantment, Magic, Transformation, Herbalism, Alchemy, Seduction, Manipulation, Cunning, Isolation, Witchcraft, Potions, Shape-shifting, Shamanism, Illusion, Hidden motives, Transmutation, Bewitchment",,,34,,,,,,,,"6 sc 23'58""",,,Yes,,,,,-0.2047061,,,,,Asteroid
Niobe,,,,,,,"-1° 6' 0""",,1.754822384,,,,,,,,,,71,,,,,,,,"23 le 17' 1""",,,Yes,,,,,-0.0072887,,,,,Asteroid
Hebe,,,,,,,"21°19'21""",,2.205191936,,,,,,,,,,6,,,,,,,,"9 le 20'17""",,,No,,,,,0.0922068,,,,,Asteroid
Pandora,,,,,,,"29° 3' 0""",,3.059351917,,,,,,,,,,55,,,,,,,,"17 ge 34'33""",,,No,,,,,0.370178,,,,,Asteroid
Klotho,,,,,,,"-9°53'48""",,2.903455374,,,,,,,,,,97,,,,,,,,"2 cp 43'28""",,,No,,,,,0.0590934,,,,,Asteroid
Hekate,,,,,,,"21°27' 9""",,3.717230355,,,,,,"Hekate (Hecate) represents crossroads, thresholds, magic, and liminal spaces between worlds. As the ancient Greek goddess of witchcraft, night, and necromancy, Hekate shows where you stand at life's pivotal crossroads and receive guidance from the unseen realms. This placement reveals your connection to magic, ability to navigate transitions, and power in threshold moments. Hekate indicates your relationship with the shadow, underworld journeys, and torch-bearing illumination through darkness. She represents the wise crone, keeper of keys, protector during danger, and guide through transformation. Hekate shows your capacity for divination, herbalism, and working with the spirits of the dead.","Crossroads, Witchcraft, Magic, Thresholds, Liminal spaces, Necromancy, Night, Torch-bearer, Transitions, Shadow work, Underworld, Keys, Protection, Divination, Herbs, Triple goddess, Crone wisdom, Spirit guide",,,100,,,,,,,,"3 cn 53'43""",,,No,,,,,0.1974278,,,,,Asteroid
Kassandra,,,,,,,"19°26'51""",,2.716518474,,,,,,,,,,114,,,,,,,,"22 ge 46'28""",,,No,,,,,0.3812484,,,,,Asteroid
Nemesis,,,,,,,"24°43'19""",,2.461365094,,,,,,"Represents divine retribution, justice, and karmic balance. As the goddess of revenge against hubris and undeserved good fortune, Nemesis shows where you seek fairness, balance the scales, and respond to injustice. This asteroid reveals your relationship to righteous anger, the consequences of arrogance, and the restoration of cosmic order. It can indicate where you act as an agent of karma or experience karmic correction.","Revenge, Justice, Karma, Retribution, Balance, Hubris, Divine punishment, Fairness, Consequences, Righteous anger, Equilibrium, Cosmic order, Rebalancing, Humility, Downfall of the proud",,,128,,,,,,,,"9 le 29'58""",,,No,,,,,0.08353,,,,,Asteroid
Terpsichore,,,,,,,"-31°38' 8""",,2.994506406,,,,,,,,,,81,,,,,,,,"10 cp 5'28""",,,No,,,,,0.1099421,,,,,Asteroid
Sappho,,,,,,,"12°50'59""",,2.386295159,,,,,,,,,,80,,,,,,,,"19 cn 15'33""",,,No,,,,,0.2402298,,,,,Asteroid
Diana,,,,,,,"-34°17' 9""",,2.219619077,,,,,,"Embodies independence, wilderness, and fierce protection. As the Roman goddess of the hunt (Greek Artemis), Diana represents self-sufficiency, connection to nature, and the protection of women and children. She shows where you value autonomy, feel most connected to the wild, and defend those who cannot defend themselves. Diana energy is virginal not in the sexual sense, but as 'belonging to oneself.'","Independence, Wilderness, Hunting, Protection, Autonomy, Nature, Chastity, Self-sufficiency, Fierce femininity, Animals, Moon, Sisterhood, Boundaries, Freedom, Untamed spirit",,,78,,,,,,,,"24 sa 27'14""",,,No,,,,,0.034275,,,,,Asteroid
Lachesis,,,,,,,"12° 2'20""",,4.29307528,,,,,,,,,,120,,,,,,,,"22 ar 28' 1""",,,No,,,,,0.3516958,,,,,Asteroid
Hera,,,,,,,"-17°41' 4""",,2.281620291,,,,,,"Embodies commitment, jealousy, and the challenges of partnership. As Zeus's wife and queen of the gods, Hera represents marital fidelity, legitimate power through relationship, and the pain of betrayal. This asteroid shows where you seek committed partnership, may struggle with jealousy or possessiveness, and demand loyalty. It reveals your relationship to marriage as an institution and the power dynamics within committed unions.","Marriage, Commitment, Jealousy, Fidelity, Partnership, Queen, Betrayal, Loyalty, Possessiveness, Legitimate power, Marital rage, Sacred union, Wife, Dedication, Relationship challenges",,,103,,,,,,,,"13 cp 54' 3""",,,No,,,,,0.2166586,,,,,Asteroid
Minerva,,,,,,,"30°10'37""",,3.590178774,,,,,,"Represents wisdom, strategic warfare, and intellectual craft. As the Roman goddess of wisdom (Greek Athena), Minerva embodies rational intelligence, strategic thinking, and the civilizing arts. This asteroid shows where you apply logic and strategy, defend truth and justice, and excel in practical skills. It reveals your relationship to intellectual pursuits, defensive action, and the wise application of knowledge.","Wisdom, Strategy, Intelligence, Craftsmanship, Warfare, Logic, Practical skills, Justice, Mental acuity, Weaving, Defensive action, Civilization, Rational thought, Patronage, Skill",,,93,,,,,,,,"16 ge 20'12""",,,No,,,,,0.2913719,,,,,Asteroid
Magdalena,,,,,,,"15°46' 5""",,3.074464929,,,,,,,,,,318,,,,,,,,"5 cn 18'47""",,,No,,,,,0.262695,,,,,Asteroid
Siwa,,,,,,,"10°30'12""",,3.61562331,,,,,,,,,,140,,,,,,,,"3 ta 8'23""",,,No,,,,,0.433157,,,,,Asteroid
Industria,,,,,,,"7°35'27""",,1.858100509,,,,,,,,,,389,,,,,,,,"15 le 55' 5""",,,No,,,,,0.0829356,,,,,Asteroid
Ophelia,,,,,,,"-13°30'33""",,4.008077906,,,,,,,,,,171,,,,,,,,"27 aq 25'49""",,,No,,,,,0.2702984,,,,,Asteroid
Atropos,,,,,,,"2°26'44""",,1.660027027,,,,,,,,,,273,,,,,,,,"12 cp 41'59""",,,No,,,,,0.3566533,,,,,Asteroid
Photographica,,,,,,,"16°12' 8""",,2.958793442,,,,,,,,,,443,,,,,,,,"25 ta 40'53""",,,No,,,,,0.482326,,,,,Asteroid
Hybris,,,,,,,"17° 0'53""",,3.175279936,,,,,,,,,,430,,,,,,,,"29 ar 58'58""",,,No,,,,,0.5304299,,,,,Asteroid
Arachne,,,,,,,"-12°29'24""",,1.838749974,,,,,,"Represents intricate patterns, skilled craftsmanship, and the consequences of hubris. Arachne was a weaver who challenged Athena and was transformed into a spider. This asteroid shows where you possess exceptional talent, create complex connections, and may struggle with pride or competition. It reveals your relationship to perfectionism in craft and the delicate web of consequences following challenge to authority.","Weaving, Craftsmanship, Patterns, Hubris, Competition, Skill, Pride, Consequences, Transformation, Intricate work, Fate, Threads, Perfectionism, Challenge authority, Creative rivalry",,,407,,,,,,,,"5 li 37' 1""",,,Yes,,,,,-0.2158322,,,,,Asteroid
Eros,,,,,,,"-7°31' 4""",,2.361606667,,,,,,"Eros represents passionate desire, erotic love, and the transformative power of attraction. This asteroid shows how you experience sexual desires, the thrill of pursuit, and creative passion. It indicates your approach to seduction, objectification, and the types of relationships that ignite your deepest yearnings. Eros reveals where you take risks in pursuit of love and how you connect with others on a profound emotional and physical level. The placement shows your capacity for intense desire and the way attraction transforms you.","Erotic desire, Passion, Sexual attraction, Creative eros, Objectification, Pursuit, Intimacy, Risk-taking in love, Seduction, Deep connection, Transformative desire, Romantic intensity, Vitality, Life force, Magnetic attraction, Primal urges",,,433,,,,,,,,"7 pi 12'30""",,,No,,,,,0.5661639,,,,,Asteroid
Persephone,,,,,,,"33°42'26""",,3.442185342,,,,,,,,,,399,,,,,,,,"16 ge 19'33""",,,No,,,,,0.3183397,,,,,Asteroid
Siva,,,,,,,"26° 4'17""",,1.600735572,,,,,,,,,,1170,,,,,,,,"17 le 26'46""",,,No,,,,,0.1154672,,,,,Asteroid
Atlantis,,,,,,,"-3°14'28""",,1.934841874,,,,,,,,,,1198,,,,,,,,"29 vi 7'41""",,,Yes,,,,,-0.2356126,,,,,Asteroid
Achilles,,,,,,,"13°44'28""",,5.80358764,,,,,,,,,,588,,,,,,,,"17 ar 26' 4""",,,No,,,,,0.2506899,,,,,Asteroid
Sphinx,,,,,,,"7°18'11""",,3.257921017,,,,,,,,,,896,,,,,,,,"5 ar 24'31""",,,No,,,,,0.4849946,,,,,Asteroid
Icarus,,,,,,,"-22°10'27""",,1.951235623,,,,,,,,,,1566,,,,,,,,"16 aq 8' 0""",,,No,,,,,0.2851861,,,,,Asteroid
Memoria,,,,,,,"18°15' 8""",,3.189722694,,,,,,,,,,1247,,,,,,,,"5 le 13'55""",,,No,,,,,0.0586771,,,,,Asteroid
Hidalgo,,,,,,,"-57°29'33""",,7.208257685,,,,,,,,,,944,,,,,,,,"7 aq 6'39""",,,No,,,,,0.1058767,,,,,Asteroid
Amor,,,,,,,"10° 3'12""",,2.960980127,,,,,,,,,,1221,,,,,,,,"21 ta 45'35""",,,No,,,,,0.4489528,,,,,Asteroid
Lilith,,,,,,,"18° 2'50""",,3.013277216,,,,,,"Represents the dark feminine, repressed sexuality, and rebellion against patriarchal constraints. Lilith embodies raw, primal feminine power that refuses to be tamed or controlled. In the chart, she reveals where you resist submission, reclaim autonomy, and express your wild, authentic nature. She represents the shadow side of femininity—the parts deemed unacceptable or dangerous by society.","Dark feminine, Sexual power, Rebellion, Repressed desires, Autonomy, Shadow self, Primal instincts, Taboo, Independence, Rage, Empowerment, Exile, Seduction, Untamed nature",,,1181,,,,,,,,"15 ta 29'54""",,,No,,,,,0.5321051,,,,,Asteroid
Aphrodite,,,,,,,"32°34'31""",,3.033003851,,,,,,"Embodies beauty, love, and aesthetic appreciation. As the Greek goddess of love and beauty, this asteroid reveals how you experience and express romantic attraction, sensuality, and artistic appreciation. It shows your relationship to physical beauty, pleasure, and the arts. Aphrodite in your chart indicates where you naturally charm others and seek harmony through beauty.","Beauty, Love, Romance, Sensuality, Attraction, Aesthetics, Pleasure, Charm, Desire, Artistry, Grace, Seduction, Harmony, Physical appearance, Feminine allure",,,1388,,,,,,,,"26 cn 35'34""",,,No,,,,,0.124756,,,,,Asteroid
Bacchus,,,,,,,"-24°24'45""",,1.499721818,,,,,,"Represents ecstasy, intoxication, and liberation from constraints. As the Roman god of wine (Greek Dionysus), Bacchus embodies the dissolution of boundaries through altered states, celebration, and connection to primal joy. This asteroid shows where you seek transcendence through pleasure, may struggle with excess or addiction, and experience divine madness. It reveals your relationship to intoxication, ritual ecstasy, and the wild, untamed aspects of consciousness.","Wine, Intoxication, Ecstasy, Liberation, Celebration, Excess, Ritual, Divine madness, Pleasure, Altered states, Hedonism, Freedom, Wildness, Addiction, Transcendence",,,2063,,,,,,,,"13 aq 13'32""",,,No,,,,,0.6227429,,,,,Asteroid
Hopi,,,,,,,"4°43'14""",,3.038573009,,,,,,,,,,2938,,,,,,,,"5 cp 49'15""",,,No,,,,,0.058369,,,,,Asteroid
Toro,,,,,,,"6°36'37""",,1.799192197,,,,,,,,,,1685,,,,,,,,"6 ar 32'37""",,,No,,,,,1.2232022,,,,,Asteroid
Sisyphus,,,,,,,"39°33' 2""",,2.100907944,,,,,,,,,,1866,,,,,,,,"10 li 36'55""",,,Yes,,,,,-0.4373079,,,,,Asteroid
Panacea,,,,,,,"-34° 2'45""",,2.561599824,,,,,,,,,,2878,,,,,,,,"4 cp 56' 0""",,,No,,,,,0.1213214,,,,,Asteroid
Apollo,,,,,,,"29°35'11""",,2.160779609,,,,,,"Represents the rational mind, creative arts, and prophetic vision. As god of light, music, and prophecy, Apollo shows where you seek perfection, enlightenment, and truth. This asteroid reveals your relationship to logic, artistic expression (especially music and poetry), healing abilities, and pursuit of excellence. It can also indicate where you may struggle with perfectionism or need to balance intellect with emotion.","Rationality, Music, Prophecy, Healing, Enlightenment, Perfectionism, Logic, Truth, Creativity, Excellence, Light, Inspiration, Divination, Intellectual pursuits, Artistic mastery",,,1862,,,,,,,,"8 cn 44' 3""",,,No,,,,,0.3049082,,,,,Asteroid
Tantalus,,,,,,,"-17°57'43""",,2.111597882,,,,,,,,,,2102,,,,,,,,"4 ta 54'14""",,,No,,,,,0.8825909,,,,,Asteroid
Osiris,,,,,,,"-25°23'38""",,1.651103541,,,,,,,,,,1923,,,,,,,,"27 sc 45'59""",,,Yes,,,,,-0.1158534,,,,,Asteroid
Hephaistos,,,,,,,"25° 8'42""",,4.467305808,,,,,,,,,,2212,,,,,,,,"26 ta 8'12""",,,No,,,,,0.2186589,,,,,Asteroid
Requiem,,,,,,,"9°46' 3""",,3.005651384,,,,,,,,,,2254,,,,,,,,"19 ar 43'57""",,,No,,,,,0.5745227,,,,,Asteroid
Phaethon,,,,,,,"24° 7'25""",,3.294617379,,,,,,,,,,3200,,,,,,,,"8 ta 57'31""",,,No,,,,,0.3515343,,,,,Asteroid
Asclepius,,,,,,,"0°54'38""",,1.815129795,,,,,,,,,,4581,,,,,,,,"29 pi 58'59""",,,No,,,,,1.0889511,,,,,Asteroid
House,,,,,,,"1°43' 1""",,3.567785493,,,,,,,,,,4950,,,,,,,,"25 pi 0'42""",,,No,,,,,0.4174927,,,,,Asteroid
Orpheus,,,,,,,"-10°34'21""",,0.071530806,,,,,,"Embodies music, poetry, and profound loss. Orpheus, the legendary musician who journeyed to the underworld to retrieve his beloved Eurydice, represents the power of art to transcend death and the grief that fuels creative expression. This asteroid shows where you channel pain into beauty, express devotion through creativity, and may struggle with letting go or looking back at the past.","Music, Poetry, Grief, Loss, Devotion, Artistic expression, Underworld journey, Love beyond death, Creative talent, Melancholy, Looking back, Transcendence, Lyre, Muse, Transformation through art",,,3361,,,,,,,,"1 aq 8'18""",,,Yes,,,,,-2.9993049,,,,,Asteroid
Pholus,,,,,,,"-22°20'27""",,23.160347321,,,,,,,,,,5145,,,,,,,,"9 pi 12'43""",,,No,,,,,0.040724,,,,,Centaur
Dionysus,,,,,,,"33°15'51""",,1.405821166,,,,,,"Embodies divine ecstasy, theatrical expression, and the breakdown of social boundaries. As the Greek god of wine, theater, and religious ecstasy, Dionysus represents liberation through ritual intoxication, the sacred madness of the theater, and the dissolution of rigid identity. This asteroid shows where you access altered consciousness, express dramatic flair, and break free from societal constraints through celebration and creative abandon.","Theater, Wine, Ecstasy, Liberation, Divine madness, Ritual, Performance, Wildness, Breakdown of ego, Celebration, Maenads, Intoxication, Creative frenzy, Sacred pleasure, Transformation",,,3671,,,,,,,,"22 le 22'58""",,,Yes,,,,,-0.1173776,,,,,Asteroid
Heracles,,,,,,,"14° 3'21""",,3.457435097,,,,,,,,,,5143,,,,,,,,"21 ar 16'58""",,,No,,,,,0.3855083,,,,,Asteroid
Child,,,,,,,"1°59'12""",,3.89896684,,,,,,,,,,4580,,,,,,,,"14 ar 39'17""",,,No,,,,,0.389384,,,,,Asteroid
Askalaphus,,,,,,,"20°40' 9""",,6.253271379,,,,,,,,,,4946,,,,,,,,"26 ta 25'19""",,,No,,,,,0.1865733,,,,,Asteroid
Karma,,,,,,,"5°58' 5""",,3.283886988,,,,,,,,,,3811,,,,,,,,"8 ar 12'13""",,,No,,,,,0.4986869,,,,,Asteroid
Chariklo,,,,,,,"21°46'47""",,19.340558185,,,,,,"Chariklo represents the capacity to hold sacred space for transformation and healing. As the wife of Chiron, this centaur embodies nurturing presence, unconditional positive regard, and the creation of safe sanctuary. Chariklo shows where we provide support for others' growth while maintaining healthy boundaries, offering a stable container for deep work. This placement indicates the ability to see truth from multiple perspectives, remaining neutral and optimistic even in challenging circumstances. Chariklo teaches the art of being present without interference, holding space for others to heal themselves. She represents private, protected environments where authentic transformation can occur.","Holding space, Sanctuary, Safe boundaries, Nurturing outsiders, Unconditional positive regard, Neutral truth, Optimistic, Balanced, Stable, Understanding, Perceptual capacity, Private places, Secret spaces, Art-sciences, Protection, Divine nymph, Supportive presence, Emotional intelligence, Self-expression",,,10199,,,,,,,,"7 ar 29'33""",,,No,Saturn,,,,0.0646306,,,,,Centaur
Sauer,,,,,,,"-15° 1'45""",,3.038389304,,,,,,,,,,9248,,,,,,,,"14 aq 13' 7""",,,No,,,,,0.3246675,,,,,Asteroid
Hylonome,,,,,,,"19°20'36""",,23.617418944,,,,,,,,,,10370,,,,,,,,"3 cn 11'28""",,,No,,,,,0.0203195,,,,,Centaur
Nessus,,,,,,,"35°57'32""",,23.259720476,,,,,,,,,,7066,,,,,,,,"23 ge 42' 5""",,,No,,,,,0.0266167,,,,,Centaur
Damocles,,,,,,,"-0°38' 8""",,22.043377977,,,,,,,,,,5335,,,,,,,,"23 aq 44' 9""",,,No,,,,,0.0278226,,,,,Damocloid
Arawn,,,,,,,"-7° 4' 0""",,34.627717182,,,,,,,,,,15810,,,,,,,,"26 li 41'51""",,,Yes,,,,,-0.0231883,,,,,TNO
Burney,,,,,,,"7°45' 0""",,2.97716504,,,,,,,,,,6235,,,,,,,,"15 ar 8'12""",,,No,,,,,0.5779043,,,,,Asteroid
Chaos,,,,,,,"5°11'14""",,45.617725211,,,,,,"Chaos represents the primordial void, the formless state that precedes all creation. Named after the first Greek primordial deity who emerged at the dawn of time, this TNO embodies infinite potential, the gap between heaven and earth, and the creative emptiness from which all forms arise. Chaos shows where we encounter the undefined, unstructured realm of pure possibility - the place before order, before manifestation, before differentiation. This placement indicates the capacity to embrace uncertainty, dwell in the unknown, and access the creative void from which new realities emerge. Chaos teaches that destruction and formlessness are necessary precursors to creation, and that true innovation requires releasing attachment to existing structures.","Primordial void, Formless state, Infinite potential, Gap, Chasm, Beginning, Creative emptiness, Undefined, Unstructured, Pure possibility, Before order, Uncertainty, The unknown, Dissolution, Primal force, Genesis, Cosmic womb, Original source, Limitless",,,19521,,,,,,,,"25 ar 12'56""",,,No,Neptune,,,,0.0247858,,,,,TNO
Albion,,,,,,,"-10°45'49""",,41.901952183,,,,,,"Albion represents primordial wholeness, the original unified state before division. Named after the ancient Greek name for Great Britain and William Blake's primordial man who divided into the four Zoas, this was the first classical Kuiper belt object ever discovered, marking the beginning of our exploration beyond Pluto. Albion shows where we seek to integrate divided aspects of ourselves, reclaim lost wholeness, and honor the archetypal foundation upon which our psyche rests. As the prototype cubewano, Albion embodies the principle of 'firstness' - the pioneer, the original, the foundation. This placement indicates where we must acknowledge fragmentation and work toward reintegration of our essential nature.","Primordial wholeness, Unity, Division, Four Zoas, Integration, Prototype, First discovery, Foundation, Ancient wisdom, Archetypal man, White cliffs, Unified self, Fragmentation, Reintegration, Original state, Pioneer, Classical Kuiper belt, Cubewano, Beginning",,,15760,,,,,,,,"4 pi 24' 8""",,,No,Saturn,,,,0.020452,,,,,TNO
Asbolus,,,,,,,"31°49'37""",,27.464670249,,,,,,"Asbolus represents prophetic vision, burning clarity, and the ability to read omens in the zeitgeist. Named after the centaur seer who accurately predicted catastrophe but was not heeded, this body embodies dark visionary insight, the capacity to see what others cannot or will not see. Asbolus shows where we possess intuitive foresight about collective trends and coming events, often related to difficult or horrifying truths that others prefer to ignore. This placement indicates being blackened or stained by knowledge, carrying the burden of seeing clearly into shadow. Asbolus teaches that prophecy without action is tragedy - we must find ways to warn and prepare, even when our visions are unwelcome.","Prophecy, Seer, Augury, Burning clarity, Dark vision, Omens, Zeitgeist, Finger on pulse, Soot, Stained, Covered, Misunderstood, Gothic, Deep, Horror, Negative creativity, Inhuman aspects, Unheeded warnings, Bird flight divination, Catastrophe foresight",,,8405,,,,,,,,"9 le 41'49""",,,Yes,Pluto,,,,-0.0084724,,,,,Centaur
Thereus,,,,,,,"8°58'39""",,12.325068727,,,,,,,,,,32532,,,,,,,,"20 ta 27'42""",,,No,,,,,0.0909861,,,,,Centaur
Itokawa,,,,,,,"0°58'41""",,2.375694773,,,,,,,,,,25143,,,,,,,,"4 ar 48'15""",,,No,,,,,0.6967988,,,,,Asteroid
Okyrhoe,,,,,,,"-1°54'49""",,11.591651486,,,,,,,,,,52872,,,,,,,,"24 pi 19'17""",,,No,,,,,0.0980338,,,,,Centaur
Elatus,,,,,,,"2°35'52""",,16.646997539,,,,,,,,,,31824,,,,,,,,"6 li 56'30""",,,Yes,,,,,-0.0469851,,,,,Centaur
Pelion,,,,,,,"4°23' 8""",,18.701092643,,,,,,,,,,49036,,,,,,,,"9 li 19'27""",,,Yes,,,,,-0.0403889,,,,,Centaur
Narcissus,,,,,,,"-21°55'20""",,10.091313751,,,,,,"Embodies self-absorption, vanity, and the dangers of excessive self-focus. Narcissus, who fell in love with his own reflection, represents where you may become entranced by your own image or ideas. This asteroid reveals areas of potential narcissism, the need for self-reflection versus self-obsession, and where admiration can become toxic. It can also indicate natural charisma and the ability to captivate others.","Vanity, Self-love, Reflection, Self-absorption, Beauty, Ego, Mirror, Self-obsession, Charisma, Pride, Admiration, Image, Self-focus, Superficiality, Echo",,,37117,,,,,,,,"16 sa 39'51""",,,Yes,,,,,-0.0333606,,,,,Asteroid
Huya,,,,,,,"7°18' 4""",,35.961875826,,,,,,,,,,38628,,,,,,,,"25 le 31'27""",,,Yes,,,,,-0.0118011,,,,,TNO
Rhadamanthus,,,,,,,"24°26'29""",,34.148294752,,,,,,,,,,38083,,,,,,,,"19 le 3'25""",,,Yes,,,,,-0.0092554,,,,,TNO
Lempo,,,,,,,"-22°16' 4""",,36.974386823,,,,,,,,,,47171,,,,,,,,"8 aq 7'57""",,,No,,,,,0.0130897,,,,,TNO
Typhon,,,,,,,"15°14'23""",,35.230954729,,,,,,,,,,42355,,,,,,,,"6 ta 24'19""",,,No,,,,,0.0309709,,,,,TNO
Echeclus,,,,,,,"-12°27'20""",,9.510202315,,,,,,,,,,60558,,,,,,,,"13 sc 19'47""",,,Yes,,,,,-0.0652642,,,,,Centaur
Deucalion,,,,,,,"2°59'31""",,44.370121636,,,,,,,,,,53311,,,,,,,,"23 vi 11'36""",,,Yes,,,,,-0.0166078,,,,,TNO
Logos,,,,,,,"19°39' 4""",,39.726277348,,,,,,,,,,58534,,,,,,,,"29 cn 47' 7""",,,Yes,,,,,-0.0002983,,,,,TNO
Amycus,,,,,,,"33°17'55""",,28.173108202,,,,,,"Amycus represents the proper treatment of others and the consequences of violence and improper conduct. As the first centaur to fight after the wedding chaos began, Amycus embodies reactive aggression, being caught up in collective violence, and the suffering of innocent victims in conflicts not of their making. This placement shows where we may become swept into battles, where we fight for perceived wrongs, or where we witness the damage caused when basic respect breaks down. Amycus teaches about appropriate social behavior, the domino effect of violence, and the tragedy of collateral damage. He reminds us that when powerful forces clash, the vulnerable suffer most.","Proper treatment, Social conduct, Violence consequences, Reactive aggression, Caught in conflict, Innocent victims, Collateral damage, When elephants fight, Centauromachy, Wedding chaos, First to fight, Improper behavior, Respect breakdown, Battle swept, Domino effect, Suffering, Social norms, Conflict escalation",,,55576,,,,,,,,"7 ge 11'35""",,,No,Mars,,,,0.0299165,,,,,Centaur
Sila-Nunam,,,,,,,"24°41'51""",,44.273756671,,,,,,,,,,79360,,,,,,,,"24 ge 5'39""",,,No,,,,,0.0128766,,,,,TNO
Ceto,,,,,,,"-0°13'58""",,27.28864888,,,,,,,,,,65489,,,,,,,,"24 ta 6'14""",,,No,,,,,0.0395048,,,,,TNO
Bienor,,,,,,,"-35°15'53""",,15.224992635,,,,,,,,,,54598,,,,,,,,"14 sc 31'11""",,,Yes,,,,,-0.0454639,,,,,Centaur
Hermes,,,,,,,"17° 3' 8""",,0.145549264,,,,,,"Embodies communication, commerce, and swift movement between realms. As the messenger god, Hermes represents eloquence, trickery, trade, and the ability to cross boundaries. This asteroid shows where you communicate with skill, navigate transitions, and act as an intermediary. It reveals your relationship to language, negotiation, travel, and the liminal spaces between worlds. Hermes can also indicate where you employ cleverness or deception.","Communication, Messenger, Trickster, Commerce, Travel, Eloquence, Liminal spaces, Negotiation, Speed, Transitions, Cleverness, Mediation, Language, Trade, Psychopomp",,,69230,,,,,,,,"22 ar 16'31""",,,Yes,,,,,-0.9990423,,,,,Asteroid
Borasisi,,,,,,,"-22°11'26""",,39.911359678,,,,,,,,,,66652,,,,,,,,"19 cp 54'19""",,,No,,,,,0.0043748,,,,,TNO
Cyllarus,,,,,,,"-31°28' 3""",,20.947136053,,,,,,,,,,52975,,,,,,,,"2 cp 39'13""",,,Yes,,,,,-0.0030486,,,,,Centaur
Mbabamwanawaresa,,,,,,,"9°53'48""",,45.654592513,,,,,,,,,,184314,,,,,,,,"9 vi 23'59""",,,Yes,,,,,-0.0134146,,,,,TNO
Teharonhiawako,,,,,,,"-22°11'47""",,44.418550801,,,,,,,,,,88611,,,,,,,,"22 cp 13'53""",,,No,,,,,0.0044927,,,,,TNO
Altjira,,,,,,,"8°53'24""",,44.536483299,,,,,,,,,,148780,,,,,,,,"19 ar 4'33""",,,No,,,,,0.0255078,,,,,TNO
Aphidas,,,,,,,"-15° 0'30""",,10.28550199,,,,,,,,,,121725,,,,,,,,"1 pi 36'29""",,,No,,,,,0.1013905,,,,,Centaur
G!kun||'homdima,,,,,,,"-12°31'34""",,60.343134377,,,,,,,,,,229762,,,,,,,,"18 ar 40'14""",,,No,,,,,0.0197429,,,,,TNO
Gonggong,,,,,"Scattered Disc Object (SDO), 3:10 resonance with Neptune",,"-24°59'55""",,76.087461014,,,,,,"Gonggong represents the energy of thriving through chaos and uncertainty. Named after the Chinese water god known for creating flooding and tilting the Earth, this trans-Neptunian object brings themes of intrusive memories, unfinished karmic business, and empathic consciousness. It indicates where we must learn to navigate disruption and transformation, often through confronting uncomfortable truths from the past. Gonggong's influence suggests the capacity to work with chaotic forces rather than against them, finding opportunity within crisis. This placement shows where we may need to address deep-seated emotional wounds related to power struggles, environmental disruption, or collective trauma.","Chaos, Intrusive memories, Karmic business, Empathic consciousness, Water element, Flooding, Disruption, Transformation through crisis, Uncertainty, Collective trauma, Environmental concerns, Power struggles, Tilting foundations, Uncomfortable truths, Thriving through chaos, Serpentine energy, Red-haired god archetype",30°55' N,"19°2'43""",225088,,,Fixed,,,,,"19 aq 2'43""",,,No,Saturn,,Aquarius,,0.007673,,,🝽,,SDO
Apophis,,,,,,,"-16° 1'51""",,0.302855117,,,,,,,,,,99942,,,,,,,,"7 aq 42'43""",,,No,,,,,1.6491177,,,,,Asteroid
Varda,,,,,,,"-2° 9'15""",,50.220739068,,,,,,,,,,174567,,,,,,,,"4 sc 47'22""",,,Yes,,,,,-0.0167299,,,,,TNO
Salacia,,,,,,,"-8°58' 9""",,40.786790522,,,,,,,,,,120347,,,,,,,,"5 aq 21'13""",,,No,,,,,0.0104454,,,,,TNO
Crantor,,,,,,,"12°15'28""",,23.543292167,,,,,,,,,,83982,,,,,,,,"6 ge 55'13""",,,No,,,,,0.0363721,,,,,Centaur
Zhulong,,,,,,,"15°53' 5""",,47.410656957,,,,,,,,,,472235,,,,,,,,"16 le 33'58""",,,Yes,,,,,-0.0065339,,,,,SDO
Mors-Somnus,,,,,,,"-7°42'27""",,37.387731858,,,,,,,,,,341520,,,,,,,,"10 aq 7'26""",,,No,,,,,0.013926,,,,,TNO
Manwe,,,,,,,"-21° 3'47""",,47.762797135,,,,,,,,,,385446,,,,,,,,"5 aq 21'24""",,,No,,,,,0.0086155,,,,,TNO
Dziewanna,,,,,,,"3°37'34""",,55.098827205,,,,,,,,,,471143,,,,,,,,"17 vi 39'14""",,,Yes,,,,,-0.0132102,,,,,SDO
Alicanto,,,,,,,"-27°56'35""",,56.44838781,,,,,,,,,,474640,,,,,,,,"16 pi 38'28""",,,No,,,,,0.019461,,,,,TNO
Arrokoth,,,,,,,"-15°45'42""",,43.938575148,,,,,,,,,,486958,,,,,,,,"21 sc 10'35""",,,Yes,,,,,-0.0156468,,,,,TNO
Rhiphonos,,,,,,,"12°49'34""",,7.003302738,,,,,,,,,,346889,,,,,,,,"23 ar 41'17""",,,No,,,,,0.2058882,,,,,Centaur
Kagara,,,,,,,"21°55'29""",,43.451339938,,,,,,,,,,469705,,,,,,,,"16 cn 37'26""",,,No,,,,,0.0045516,,,,,TNO
Praamzius,,,,,,,"23°49'34""",,43.341155113,,,,,,,,,,420356,,,,,,,,"18 ge 39'30""",,,No,,,,,0.0150922,,,,,TNO
Orius,,,,,,,"11°51'56""",,28.832889486,,,,,,,,,,330836,,,,,,,,"9 ta 42'26""",,,No,,,,,0.0369906,,,,,Centaur
Leleakuhonua,,,,,,,,,,,,,,,,,,,541132,,,,,,,,"14 pi 57'20""",,,No,,,,,0,,,,,TNO
Vertex,,,,,,,,,,,,,7,,,,"11°12'26"" N","29°14'43""",,,,Cardinal,,,,,"29 ar 14'43""",,,No,Mars,,Aries,,,,,,,Calculated
Part of Fortune,,,,,,,"20°13'38"" N",,,,,,8,,"The area of greatest ease, success, and well-being (Part of Fortune) is found through emotional security and nurturing (Cancer) related to shared resources, deep intimacy, and transformation (House 8). Wealth or success may come through partnerships, inheritance, or by working with emotional depth, psychology, or the occult. Emotional nurturing becomes a key to financial and spiritual transformation and accessing others' resources.","Financial gain, Ease, Emotional security, Inheritance, Transformation, Shared resources, Nurturing, Deep intimacy, Psychic gifts, Taxes, Rebirth, Hidden talent, Partnership wealth, Healing, Emotional depth, Secrets, Occult",,"0°21'8""",,,,Cardinal,,,,,"0 cn 21'8""",,,No,Moon,,Cancer,,,,,,,Calculated
Ascendant,,,,,,,,,,,,,1,,"The outward personality and approach to life is marked by courage, impulse, and direct action. The native is seen as a self-starter, dynamic, and energetic, often charging headfirst into new experiences. There is a visible desire for independence and a competitive edge, with an ability to cut through complexity. They project an image of a warrior or pioneer.","Courage, Initiation, Dynamic, Impulsive, Direct, Self-starter, Warrior, Energy, Headstrong, Independent, Pioneer, Assertive, Active, Pioneering, Outward behavior, Physical vitality",,"10°48'41""",,,,Cardinal,,,,,"10 ar 48'41""",,,No,Mars,,Aries,,,,,,,Calculated
Midheaven,,,,,,,,,,,,,10,,"The career, public reputation, and ultimate life goals are handled with seriousness, ambition, and a pragmatic approach. The native is seen as highly professional, disciplined, and focused on achieving tangible, material success. They seek recognition for their hard work and ability to build long-lasting structures. They climb the ladder slowly but surely, prioritizing respect and competence.","Ambition, Career, Public status, Authority, Structure, Discipline, Responsibility, Patience, Goals, Pragmatism, Tradition, Material success, Reputation, Management, Long-term planning, Social standing",,"12°27'31""",,,,Cardinal,,,,,"12 cp 27'31""",,,No,Saturn,,Capricorn,,,,,,,Calculated
True Node,,,,,,,"23°8'39"" S",,,,,,7,,"The dharma or path of growth (North Node) is to move away from excessive self-reliance (South Node in Libra) and learn to courageously assert oneself (Aries) within the context of one-on-one relationships (House 7). The native's evolution is found by initiating partnerships and taking independent action with or through others, learning to balance their own needs with the needs of the relationship. Life lessons involve fated partnerships.","Destiny, Growth, Relationship karma, Self-assertion, Partnership, Initiation, Courage, Independence, Balancing, Collaboration, New paths, Evolutionary goal, Directness, Self-discovery, Fated encounters, Marital path, Self-reliance","1°32'42"" N","24°32'04""",,,,Cardinal,,,,,"24 ar 32'4""",,,No,Mars,,Aries,,-0.0248,,,,,Calculated
Pluto,,Venus,,,,,"13°43'31"" N",Peregrine,,,,Northern (Above Horizon) / Eastern,12,,"The intensity, compulsion, and psychological transformation (Pluto) are focused on unseen weaknesses, selfless service, and subconscious patterns (House 12). The native possesses a deep, investigative need to cleanse or perfect (Virgo) subconscious fears, trauma, and hidden matters. The retrograde motion suggests this is an ongoing, internalized, and karmic process. There is a potential for working behind the scenes in health or service, or a relentless obsession with self-improvement and detail.","Obsession, Psychological healing, Hidden enemies, Transformation, Subconscious, Purging, Karma, Detailed work, Health crises, Compulsive service, Inner scrutiny, Purification, Investigative, Power struggles, Self-sabotage, Deep secrets","17°9'48"" N","5°03'06""",,,,Mutable,,,,,"5 vi 3'6""",,,Yes,Mercury,Day,Virgo,,-0.0058,,,J,Mercury (Day Ruler),Dwarf
,,,,,,,,,,,,,,,,,,,,,,,,,,,,,,No,,,,,,,,,,
55 Pandora,,,,,,,"29°3'10"" N",,,,,,9,,,,"6°12'47"" N","17°38'14""",55,,,,,,,,,,,No,,,Gemini,,0.3703,,,,,Asteroid
432 Pythia,,,,,,,"12°59'42"" N",,,,,,8,,,,"4°37'21"" S","18°53'56""",432,,,,,,,,,,,No,,,Taurus,,0.4022,,,,,Asteroid
433 Eros,,,,,,,"7°28'27"" S",,,,,,5,,,,"1°27'37"" N","7°18'9""",433,,,,,,,,,,,No,,,Pisces,,0.5664,,,,,Asteroid
Vertex,,,,,,,,,,,,,7,,,,"11°12'26"" N","29°14'43""",,,,,,,,,,,,No,,,Aries,,,,,,,Calculated
4227 Kaali,,,,,,,"4°58'45"" N",,,,,,7,,,,"1°44'15"" S","16°45'6""",4227,,,,,,,,,,,No,,,Aries,,0.4272,,,,,Asteroid
4450 Pan,,,,,,,"17°51'27"" N",,,,,,8,,,,"3°50'24"" N","8°9'7""",4450,,,,,,,,,,,No,,,Taurus,,0.4542,,,,,Asteroid
5011 Ptah,,,,,,,"28°19'24"" S",,,,,,4,,,,"7°42'32"" S","26°57'45""",5011,,,,,,,,,,,No,,,Capricorn,,0.2278,,,,,Asteroid
Lilith (Mean),,,,,,,"18°3'0"" S",,,,,,4,,,,"2°52'7"" N","26°26'33""",,,,,,,,,,,,No,,,Capricorn,,0.1111,,,,,Calculated
Part of Fortune,,,,,,,"20°13'38"" N",,,,,,8,,"The area of greatest ease, success, and well-being (Part of Fortune) is found through emotional security and nurturing (Cancer) related to shared resources, deep intimacy, and transformation (House 8). Wealth or success may come through partnerships, inheritance, or by working with emotional depth, psychology, or the occult. Emotional nurturing becomes a key to financial and spiritual transformation and accessing others' resources.","Financial gain, Ease, Emotional security, Inheritance, Transformation, Shared resources, Nurturing, Deep intimacy, Psychic gifts, Taxes, Rebirth, Hidden talent, Partnership wealth, Healing, Emotional depth, Secrets, Occult","0°0'0"" N","0°21'8""",,,,,,,,,,,,No,,,Cancer,,0,,,,,Calculated
1923 Osiris,,,,,,,"25°23'49"" S",,,,,,2,,,,"5°53'41"" S","27°44'48""",1923,,,,,,,,,,,Yes,,,Scorpio,,-0.1169,,,,,Asteroid
5000 Pholus,,,,,,,"22°20'23"" S",,,,,,5,,,,"15°25'32"" S","9°13'7""",5145,,,,,,,,,,,No,,,Pisces,,0.0406,,,,,Centaur
763 Cupido,,,,,,,"12°43'34"" N",,,,,,7,,,,"2°37'48"" N","26°38'25""",763,,,,,,,,,,,No,,,Aries,,0.6119,,,,,Asteroid
42 Isis,,,,,,,"1°30'56"" S",,,,,,1,,,,"11°39'21"" N","2°55'47""",42,,,,,,,,,,,Yes,,,Scorpio,,-0.235,,,,,Asteroid
11 Parthenope,,,,,,,"4°9'43"" S",,,,,,6,,,,"2°1'13"" S","24°11'32""",11,,,,,,,,,,,No,,,Pisces,,0.5078,,,,,Asteroid
34 Circe,,,,,,,"9°58'53"" S",,,,,,1,,,,"3°52'33"" N","6°21'54""",34,,,,,,,,,,,Yes,,,Scorpio,,-0.2053,,,,,Asteroid
16 Psyche,,,,,,,"16°51'30"" S",,,,,,4,,,,"2°6'40"" N","5°27'51""",16,,,,,,,,,,,No,,,Aquarius,,0.2836,,,,,Asteroid
2847 Parvati,,,,,,,"18°8'51"" N",,,,,,8,,,,"0°7'23"" N","21°4'27""",2847,,,,,,,,,,,No,,,Taurus,,0.4439,,,,,Asteroid
JENNIFER,,,,,,,,,,,,,,,,,,,,,,,,,,,,,,No,,,,,,,,,,