"House","Natal Traits","Synastry Dynamics"
"1st","Reserved, ambitious self-presentation; success later in life","Saturn person teaches discipline to house person's identity; feels restrictive but builds resilience."
"2nd","Cautious finances; potential for shrewd wealth-building","Tests shared values/money; fosters security if patient, else scarcity mindset prevails."
"3rd","Methodical thinker; sibling tensions possible","Communication feels serious; Saturn aids focus but may stifle casual exchange."
"4th","Structured family roots; home as status symbol","Deepens emotional foundations; Saturn person stabilizes home life, possibly evoking parental dynamics."
"5th","Serious romance/creativity; late children or practical hobbies","Romance matures slowly; caution tempers fun, risking emotional distance."
"6th","Duty-focused work ethic; health vigilance needed","Supports routines but overwork looms; mutual service strengthens bond."
"7th","Responsible partnerships; lessons in equality","Binding for long-term commitment; Saturn tests maturity, potentially delaying marriage."
"8th","Conservative intimacy/shared resources; late inheritances","Builds trust through trials; deep loyalty forms, but fear blocks vulnerability."
"9th","Disciplined philosophy; travel for necessity","Challenges beliefs; growth via structure, though rigidity resists expansion."
"10th","Steadfast ambition; steady career rise","Elevates status together; Saturn demands realistic goals for shared success."
"11th","Selective friendships; goal-oriented groups","Strengthens alliances; long-term visions solidify, but aloofness limits fun."
"12th","Hidden service; inner work yields rewards","Karmic healing; Saturn exposes fears, fostering spiritual maturity behind scenes."